N,algorithm,threads,time_s,speedup_vs_naive,GFLOPS,memory_MB,verified
64,naive,1,0.000124,1.0,4.223,0.09,OK
64,ikj,1,8.3e-05,1.49,6.288,0.09,OK
64,blocked,1,7.1e-05,1.74,7.361,0.09,OK
128,naive,1,0.001744,1.0,2.405,0.38,OK
128,ikj,1,0.00073,2.39,5.747,0.38,OK
128,blocked,1,0.000501,3.48,8.373,0.38,OK
256,naive,1,0.016303,1.0,2.058,1.5,OK
256,ikj,1,0.005466,2.98,6.138,1.5,OK
256,blocked,1,0.005526,2.95,6.072,1.5,OK
512,naive,1,0.401956,1.0,0.668,6.0,OK
512,ikj,1,0.058541,6.87,4.585,6.0,OK
512,blocked,1,0.053665,7.49,5.002,6.0,OK
1024,naive,1,8.665061,1.0,0.248,24.0,OK
1024,ikj,1,0.576864,15.02,3.723,24.0,OK
1024,blocked,1,0.414984,20.88,5.175,24.0,OK
